{"cameraMode":{"drawMode":0,"name":"Shaded","section":"Shading Mode"},"sceneLighting":false,"audioPlay":false,"sceneViewState":{"showFog":true,"showMaterialUpdate":true,"showSkybox":false,"showFlares":true,"showImageEffects":true,"showParticleSystems":true},"in2DMode":false,"pivot":{"x":0.14385563135147096,"y":-1.7818784713745118,"z":-11.734291076660157},"rotation":{"x":-0.0002877400256693363,"y":-0.9873010516166687,"z":0.15922552347183228,"w":-0.0014933499041944743},"size":7.533267974853516,"orthographic":false}