{"cameraMode":{"drawMode":0,"name":"Shaded","section":"Shading Mode"},"sceneLighting":false,"audioPlay":false,"sceneViewState":{"showFog":true,"showMaterialUpdate":true,"showSkybox":false,"showFlares":true,"showImageEffects":true,"showParticleSystems":true},"in2DMode":false,"pivot":{"x":-9.516082763671875,"y":6.004245758056641,"z":1.0949797630310059},"rotation":{"x":-0.2224990725517273,"y":0.7330171465873718,"z":-0.2824649512767792,"w":-0.5774019360542297},"size":0.26413795351982119,"orthographic":false}