{"cameraMode":{"drawMode":0,"name":"Shaded","section":"Shading Mode"},"sceneLighting":false,"audioPlay":false,"sceneViewState":{"showFog":true,"showMaterialUpdate":true,"showSkybox":false,"showFlares":true,"showImageEffects":true,"showParticleSystems":true},"in2DMode":false,"pivot":{"x":-4.2699995040893559,"y":-3.8477001190185549,"z":-13.41100025177002},"rotation":{"x":-0.204794779419899,"y":-0.0384473092854023,"z":0.007986004464328289,"w":-0.9781019687652588},"size":7.178630828857422,"orthographic":false}