{"cameraMode":{"drawMode":0,"name":"Shaded","section":"Shading Mode"},"sceneLighting":false,"audioPlay":false,"sceneViewState":{"showFog":true,"showMaterialUpdate":true,"showSkybox":false,"showFlares":true,"showImageEffects":true,"showParticleSystems":true},"in2DMode":false,"pivot":{"x":0.0,"y":0.9257410764694214,"z":0.023103952407836915},"rotation":{"x":0.24149373173713685,"y":0.002603297121822834,"z":-0.0006670962902717292,"w":0.9704363346099854},"size":1.5646789073944092,"orthographic":false}