{"cameraMode":{"drawMode":0,"name":"Shaded","section":"Shading Mode"},"sceneLighting":false,"audioPlay":false,"sceneViewState":{"showFog":true,"showMaterialUpdate":true,"showSkybox":false,"showFlares":true,"showImageEffects":true,"showParticleSystems":true},"in2DMode":false,"pivot":{"x":0.5579385161399841,"y":0.6328651309013367,"z":0.7010347247123718},"rotation":{"x":0.07384876161813736,"y":-0.8997454047203064,"z":0.16730806231498719,"w":0.3965683877468109},"size":0.5529344081878662,"orthographic":false}