{"cameraMode":{"drawMode":0,"name":"Shaded","section":"Shading Mode"},"sceneLighting":false,"audioPlay":false,"sceneViewState":{"showFog":true,"showMaterialUpdate":true,"showSkybox":false,"showFlares":true,"showImageEffects":true,"showParticleSystems":true},"in2DMode":false,"pivot":{"x":-0.6026132106781006,"y":0.6393940448760986,"z":1.0666719675064088},"rotation":{"x":-0.3375861346721649,"y":0.5682774782180786,"z":-0.27472659945487978,"w":-0.6983045339584351},"size":4.246409893035889,"orthographic":false}