{"cameraMode":{"drawMode":0,"name":"Shaded","section":"Shading Mode"},"sceneLighting":false,"audioPlay":false,"sceneViewState":{"showFog":true,"showMaterialUpdate":true,"showSkybox":false,"showFlares":true,"showImageEffects":true,"showParticleSystems":true},"in2DMode":false,"pivot":{"x":-13.243515014648438,"y":1.9459822177886963,"z":5.59800386428833},"rotation":{"x":-0.22668391466140748,"y":0.7614981532096863,"z":-0.34584370255470278,"w":-0.4991269111633301},"size":1.5000171661376954,"orthographic":false}