{"cameraMode":{"drawMode":0,"name":"Shaded","section":"Shading Mode"},"sceneLighting":false,"audioPlay":false,"sceneViewState":{"showFog":true,"showMaterialUpdate":true,"showSkybox":false,"showFlares":true,"showImageEffects":true,"showParticleSystems":true},"in2DMode":false,"pivot":{"x":0.9120473265647888,"y":0.9120478630065918,"z":-0.9120511412620544},"rotation":{"x":0.5665571689605713,"y":-0.012359222397208214,"z":0.008498971350491047,"w":0.8238867521286011},"size":2.47971510887146,"orthographic":false}