{"cameraMode":{"drawMode":0,"name":"Shaded","section":"Shading Mode"},"sceneLighting":false,"audioPlay":false,"sceneViewState":{"showFog":true,"showMaterialUpdate":true,"showSkybox":false,"showFlares":true,"showImageEffects":true,"showParticleSystems":true},"in2DMode":false,"pivot":{"x":-11.760000228881836,"y":-3.8461999893188478,"z":-13.40999984741211},"rotation":{"x":-0.4798830449581146,"y":0.19903570413589478,"z":-0.11266657710075379,"w":-0.8471258878707886},"size":6.928203105926514,"orthographic":false}