{"cameraMode":{"drawMode":0,"name":"Shaded","section":"Shading Mode"},"sceneLighting":false,"audioPlay":false,"sceneViewState":{"showFog":true,"showMaterialUpdate":true,"showSkybox":false,"showFlares":true,"showImageEffects":true,"showParticleSystems":true},"in2DMode":false,"pivot":{"x":1.1635587215423585,"y":1.4079980850219727,"z":-0.0006685256958007813},"rotation":{"x":-0.47660207748413088,"y":-0.008705721236765385,"z":0.004720074590295553,"w":-0.8790667653083801},"size":3.3797149658203127,"orthographic":false}