{"cameraMode":{"drawMode":0,"name":"Shaded","section":"Shading Mode"},"sceneLighting":false,"audioPlay":false,"sceneViewState":{"showFog":true,"showMaterialUpdate":true,"showSkybox":false,"showFlares":true,"showImageEffects":true,"showParticleSystems":true},"in2DMode":false,"pivot":{"x":-1.1514077186584473,"y":-0.7413380146026611,"z":-12.749796867370606},"rotation":{"x":0.22697561979293824,"y":-0.7569790482521057,"z":0.33478131890296938,"w":0.5132198929786682},"size":2.529547929763794,"orthographic":false}