{"cameraMode":{"drawMode":0,"name":"Shaded","section":"Shading Mode"},"sceneLighting":false,"audioPlay":false,"sceneViewState":{"showFog":true,"showMaterialUpdate":true,"showSkybox":false,"showFlares":true,"showImageEffects":true,"showParticleSystems":true},"in2DMode":false,"pivot":{"x":0.9120473265647888,"y":0.9120478630065918,"z":-0.9120511412620544},"rotation":{"x":0.32735708355903628,"y":-0.0453321672976017,"z":0.015729716047644616,"w":0.9437053799629211},"size":1.5797152519226075,"orthographic":false}